Store,Product,StockOnHand
TechIsUs,BC327,50
TechIsUs,BC328,50
TechIsUs,BC337,50
TechIsUs,BC338,50
TechIsUs,BC639,50
TechIsUs,BC546,75
TechIsUs,BC547,75
TechIsUs,BC548,75
TechIsUs,BC549,75
TechIsUs,BC550,75
TechIsUs,BC556,25
TechIsUs,BC557,25
TechIsUs,BC558,25
TechIsUs,BC559,25
TechIsUs,BC640,25
TechIsUs,BD135,100
TechIsUs,BD136,100
TechIsUs,BD139,100
TechIsUs,BD140,100
TechIsUs,BD649,100
TechIsUs,BD650,50
TechIsUs,BD681,50
TechIsUs,BD682,50
TechIsUs,BF469,50
TechIsUs,BF470,50
TechIsUs,MJ10012*,75
TechIsUs,MJL21193,75
TechIsUs,MJL21194,75
TechIsUs,MJ15003,75
TechIsUs,MJ15004,75
TechIsUs,MJ2955,25
TechIsUs,MJE340,25
TechIsUs,MJE350,25
TechIsUs,MJE2955,25
TechIsUs,MJE3055,25
TechIsUs,MPSA06,100
TechIsUs,MPSA13*,100
TechIsUs,NJL1302D,100
TechIsUs,NJL3281D,100
TechIsUs,TIP2955,100
TechIsUs,TIP3055,50
TechIsUs,TIP31,75
TechIsUs,TIP32,75
TechIsUs,TIP35C,75
TechIsUs,TIP36C,75
TechIsUs,TIP41C,75
TechIsUs,TIP42C,25
TechIsUs,TIP122,25
gadgetsRUs,2N2222A,25
gadgetsRUs,2N2907,25
gadgetsRUs,2N3053,25
gadgetsRUs,2N3055,100
gadgetsRUs,2N3638,100
gadgetsRUs,2N3773,100
gadgetsRUs,2N3904,100
gadgetsRUs,2N3906,100
gadgetsRUs,MJ10012*,75
gadgetsRUs,MJL21193,75
gadgetsRUs,MJL21194,75
gadgetsRUs,MJ15003,75
gadgetsRUs,MJ15004,75
gadgetsRUs,MJ2955,25
gadgetsRUs,MJE340,25
gadgetsRUs,MJE350,25
gadgetsRUs,MJE2955,25
gadgetsRUs,MJE3055,25
gadgetsRUs,MPSA06,100
gadgetsRUs,MPSA13*,100
gadgetsRUs,NJL1302D,100
gadgetsRUs,NJL3281D,100
gadgetsRUs,TIP2955,100
gadgetsRUs,TIP3055,50
gadgetsRUs,TIP31,75
gadgetsRUs,TIP32,75
gadgetsRUs,TIP35C,75
gadgetsRUs,TIP36C,75
gadgetsRUs,TIP41C,75
gadgetsRUs,TIP42C,25
gadgetsRUs,TIP122,25
LeadsRUs,WQ7206,5
LeadsRUs,WQ7208,5
CablesRUs,WQ7221,5
CablesRUs,WQ7222,5
CablesRUs,WQ7223,5
CablesRUs,WQ7224,10
CablesRUs,WQ7225,10
CablesRUs,WQ7227,10
CablesRUs,WQ7226,10
CablesRUs,WQ7228,10
CablesRUs,WQ7230,5
CablesRUs,WQ7217,5
CablesRUs,WQ7220,5
CablesRUs,WQ7250,5
CablesRUs,WQ7259,5
CablesRUs,WV7349,10
CablesRUs,WV7347,10
CablesRUs,WA7020,10
CablesRUs,WA7022,10
CablesRUs,WV7316,10
CablesRUs,WV7318,5
CablesRUs,WV7320,5
CablesRUs,WV7321,5
CablesRUs,WV7345,5
CablesRUs,WV7342,5
CablesRUs,WV7324,10
CablesRUs,WV7300,10
CablesRUs,WV7304,10
CablesRUs,WV7306,10
CablesRUs,WV7308,10
CablesRUs,WV7386,5
CablesRUs,WV7366,5
CablesRUs,WV7384,5
CablesRUs,WV7365,5
CablesRUs,WV7385,5
LeadsRUs,WV7450,10
LeadsRUs,WV7452,10
LeadsRUs,WV7390,10
LeadsRUs,WV7392,10
LeadsRUs,WV7394,10
LeadsRUs,WV7396,5
LeadsRUs,WA7000,5
LeadsRUs,WA7006,5
LeadsRUs,WA7004,5
LeadsRUs,WA7007,5
LeadsRUs,WA7008,10
LeadsRUs,WA7009,10
LeadsRUs,WA7005,10
LeadsRUs,WA7500,10
LeadsRUs,WA7010,10
LeadsRUs,WA7011,5
LeadsRUs,WA7504,5
LeadsRUs,WA7014,5
LeadsRUs,WA7015,5
LeadsRUs,WA7017,5
LeadsRUs,WA7502,10
LeadsRUs,WA7016,10
LeadsRUs,WA7018,10
LeadsRUs,WA7024,10
LeadsRUs,WA7030,10
LeadsRUs,WA7040,5
LeadsRUs,WA7041,5
LeadsRUs,WA7042,5
LeadsRUs,WA7043,5
LeadsRUs,WA7050,5
LeadsRUs,WA7054,10
LeadsRUs,WA7070,10
LeadsRUs,WA7072,10
LeadsRUs,WA7074,10
LeadsRUs,WA7056,10
LeadsRUs,WA7058,5
LeadsRUs,WA7062,5
LeadsRUs,WA7064,5
LeadsRUs,WA7066,5
LeadsRUs,WA7068,5
LeadsRUs,WA7090,10
LeadsRUs,WA7091,10
LeadsRUs,WA7084,10
LeadsRUs,WA7088,10
LeadsRUs,WA7100,10
LeadsRUs,WA7102,5
LeadsRUs,WA7108,5
LeadsRUs,WV7349,5
LeadsRUs,WV7347,5
LeadsRUs,WA7020,5
LeadsRUs,WA7022,10
LeadsRUs,WV7316,10
LeadsRUs,WV7318,10
LeadsRUs,WV7320,10
LeadsRUs,WV7321,10
LeadsRUs,WV7345,5
LeadsRUs,WV7342,5
LeadsRUs,WV7324,5
TechIsUs2,BC327,55
TechIsUs2,BC328,55
TechIsUs2,BC337,55
TechIsUs2,BC338,55
TechIsUs2,BC639,55
TechIsUs2,BC546,80
TechIsUs2,BC547,80
TechIsUs2,BC548,80
TechIsUs2,BC549,80
TechIsUs2,BC550,80
TechIsUs2,BC556,30
TechIsUs2,BC557,30
TechIsUs2,BC558,30
TechIsUs2,BC559,30
TechIsUs2,BC640,30
TechIsUs2,BD135,105
TechIsUs2,BD136,105
TechIsUs2,BD139,105
TechIsUs2,BD140,105
TechIsUs2,BD649,105
TechIsUs2,BD650,55
TechIsUs2,BD681,55
TechIsUs2,BD682,55
TechIsUs2,BF469,55
TechIsUs2,BF470,55
TechIsUs2,MJ10012*,80
TechIsUs2,MJL21193,80
TechIsUs3,MJL21194,80
TechIsUs3,MJ15003,80
TechIsUs3,MJ15004,80
TechIsUs3,MJ2955,30
TechIsUs3,MJE340,30
TechIsUs3,MJE350,30
TechIsUs3,MJE2955,30
TechIsUs3,MJE3055,30
TechIsUs3,MPSA06,105
TechIsUs3,MPSA13*,105
TechIsUs3,NJL1302D,105
TechIsUs3,NJL3281D,105
TechIsUs3,TIP2955,105
TechIsUs3,TIP3055,55
TechIsUs3,TIP31,80
TechIsUs3,TIP32,80
TechIsUs3,TIP35C,80
TechIsUs3,TIP36C,80
TechIsUs3,TIP41C,80
TechIsUs3,TIP42C,30
TechIsUs3,TIP122,30
gadgetsRUs3,2N2222A,30
gadgetsRUs3,2N2907,30
gadgetsRUs3,2N3053,30
gadgetsRUs3,2N3055,105
gadgetsRUs3,2N3638,105
gadgetsRUs3,2N3773,105
gadgetsRUs3,2N3904,105
gadgetsRUs3,2N3906,105
gadgetsRUs3,MJ10012*,80
gadgetsRUs3,MJL21193,80
gadgetsRUs3,MJL21194,80
gadgetsRUs3,MJ15003,80
gadgetsRUs3,MJ15004,80
gadgetsRUs2,MJ2955,30
gadgetsRUs2,MJE340,30
gadgetsRUs2,MJE350,30
gadgetsRUs2,MJE2955,30
gadgetsRUs2,MJE3055,30
gadgetsRUs2,MPSA06,105
gadgetsRUs2,MPSA13*,105
gadgetsRUs2,NJL1302D,105
gadgetsRUs2,NJL3281D,105
gadgetsRUs2,TIP2955,105
gadgetsRUs2,TIP3055,55
gadgetsRUs2,TIP31,80
gadgetsRUs2,TIP32,80
gadgetsRUs2,TIP35C,80
gadgetsRUs2,TIP36C,80
gadgetsRUs2,TIP41C,80
gadgetsRUs2,TIP42C,30
gadgetsRUs2,TIP122,30
LeadsRUs2,WQ7206,10
LeadsRUs2,WQ7208,10
CablesRUs2,WQ7221,10
CablesRUs2,WQ7222,10
CablesRUs2,WQ7223,10
CablesRUs2,WQ7224,15
CablesRUs2,WQ7225,15
CablesRUs2,WQ7227,15
CablesRUs2,WQ7226,15
CablesRUs2,WQ7228,15
CablesRUs2,WQ7230,10
CablesRUs2,WQ7217,10
CablesRUs2,WQ7220,10
CablesRUs2,WQ7250,10
CablesRUs2,WQ7259,10
CablesRUs2,WV7349,15
CablesRUs2,WV7347,15
CablesRUs2,WA7020,15
CablesRUs2,WA7022,15
CablesRUs2,WV7316,15
CablesRUs2,WV7318,10
CablesRUs2,WV7320,10
CablesRUs2,WV7321,10
CablesRUs2,WV7345,10
CablesRUs2,WV7342,10
CablesRUs3,WV7324,15
CablesRUs3,WV7300,15
CablesRUs3,WV7304,15
CablesRUs3,WV7306,15
CablesRUs3,WV7308,15
CablesRUs3,WV7386,10
CablesRUs3,WV7366,10
CablesRUs3,WV7384,10
CablesRUs3,WV7365,10
CablesRUs3,WV7385,10
LeadsRUs3,WV7450,15
LeadsRUs3,WV7452,15
LeadsRUs3,WV7390,15
LeadsRUs3,WV7392,15
LeadsRUs3,WV7394,15
LeadsRUs3,WV7396,10
LeadsRUs3,WA7000,10
LeadsRUs3,WA7006,10
LeadsRUs3,WA7004,10
LeadsRUs3,WA7007,10
LeadsRUs3,WA7008,15
LeadsRUs3,WA7009,15
LeadsRUs3,WA7005,15
LeadsRUs3,WA7500,15
LeadsRUs3,WA7010,15
LeadsRUs3,WA7011,10
LeadsRUs3,WA7504,10
LeadsRUs3,WA7014,10
LeadsRUs3,WA7015,10
LeadsRUs3,WA7017,10
LeadsRUs2,WA7502,15
LeadsRUs2,WA7016,15
LeadsRUs2,WA7018,15
LeadsRUs2,WA7024,15
LeadsRUs2,WA7030,15
LeadsRUs2,WA7040,10
LeadsRUs2,WA7041,10
LeadsRUs2,WA7042,10
LeadsRUs2,WA7043,10
LeadsRUs2,WA7050,10
LeadsRUs2,WA7054,15
LeadsRUs2,WA7070,15
LeadsRUs2,WA7072,15
LeadsRUs2,WA7074,15
LeadsRUs2,WA7056,15
LeadsRUs2,WA7058,10
LeadsRUs2,WA7062,10
LeadsRUs2,WA7064,10
LeadsRUs2,WA7066,10
LeadsRUs2,WA7068,10
LeadsRUs2,WA7090,15
LeadsRUs2,WA7091,15
LeadsRUs2,WA7084,15
LeadsRUs2,WA7088,15
LeadsRUs2,WA7100,15
LeadsRUs2,WA7102,10
LeadsRUs2,WA7108,10
LeadsRUs2,WV7349,10
LeadsRUs2,WV7347,10
LeadsRUs2,WA7020,10
LeadsRUs2,WA7022,15
LeadsRUs2,WV7316,15
LeadsRUs2,WV7318,15
LeadsRUs2,WV7320,15
LeadsRUs2,WV7321,15
LeadsRUs2,WV7345,10
LeadsRUs2,WV7342,10
LeadsRUs2,WV7324,10
TechIsUs4,BC556,30
TechIsUs4,BC557,30
TechIsUs4,BC558,30
TechIsUs4,BC559,30
TechIsUs4,BC640,30
TechIsUs4,BD135,105
TechIsUs4,BD136,105
TechIsUs4,BD139,105
TechIsUs4,BD140,105
TechIsUs4,BD649,105
TechIsUs4,BD650,55
TechIsUs4,BD681,55
TechIsUs4,BD682,55
TechIsUs4,BF469,55
TechIsUs4,BF470,55
TechIsUs4,MJ10012*,80
TechIsUs4,MJL21193,80
TechIsUs4,MJL21194,80
TechIsUs4,MJ15003,80
TechIsUs4,MJ15004,80
TechIsUs4,MJ2955,30
TechIsUs4,MJE340,30
TechIsUs4,MJE350,30
TechIsUs4,MJE2955,30
TechIsUs4,MJE3055,30
TechIsUs4,MPSA06,105
TechIsUs4,MPSA13*,105
TechIsUs4,NJL1302D,105
TechIsUs4,NJL3281D,105
TechIsUs4,TIP2955,105
TechIsUs5,TIP3055,55
TechIsUs5,TIP31,80
TechIsUs5,TIP32,80
TechIsUs5,TIP35C,80
TechIsUs5,TIP36C,80
TechIsUs5,TIP41C,80
TechIsUs5,TIP42C,30
TechIsUs5,TIP122,30
TechIsUs5,2N2222A,30
TechIsUs5,2N2907,30
TechIsUs5,2N3053,30
TechIsUs5,2N3055,105
TechIsUs5,2N3638,105
TechIsUs5,2N3773,105
TechIsUs5,2N3904,105
TechIsUs5,2N3906,105
TechIsUs5,MJ10012*,80
TechIsUs5,MJL21193,80
gadgetsRUs5,MJL21194,80
gadgetsRUs5,MJ15003,80
gadgetsRUs5,MJ15004,80
gadgetsRUs5,MJ2955,30
gadgetsRUs5,MJE340,30
gadgetsRUs5,MJE350,30
gadgetsRUs5,MJE2955,30
gadgetsRUs5,MJE3055,30
gadgetsRUs5,MPSA06,105
gadgetsRUs5,MPSA13*,105
gadgetsRUs5,NJL1302D,105
gadgetsRUs5,NJL3281D,105
gadgetsRUs5,TIP2955,105
gadgetsRUs5,TIP3055,55
gadgetsRUs5,TIP31,80
gadgetsRUs5,TIP32,80
gadgetsRUs5,TIP35C,80
gadgetsRUs5,TIP36C,80
gadgetsRUs5,TIP41C,80
gadgetsRUs5,TIP42C,30
gadgetsRUs5,TIP122,30
gadgetsRUs5,WQ7206,10
gadgetsRUs5,WQ7208,10
gadgetsRUs5,WQ7221,10
gadgetsRUs5,WQ7222,10
gadgetsRUs5,WQ7223,10
gadgetsRUs5,WQ7224,15
gadgetsRUs4,WQ7225,15
gadgetsRUs4,WQ7227,15
gadgetsRUs4,WQ7226,15
gadgetsRUs4,WQ7228,15
LeadsRUs4,WQ7230,10
LeadsRUs4,WQ7217,10
CablesRUs4,WQ7220,10
CablesRUs4,WQ7250,10
CablesRUs4,WQ7259,10
CablesRUs4,WV7349,15
CablesRUs4,WV7347,15
CablesRUs4,WA7020,15
CablesRUs4,WA7022,15
CablesRUs4,WV7316,15
CablesRUs4,WV7318,10
CablesRUs4,WV7320,10
CablesRUs4,WV7321,10
CablesRUs4,WV7345,10
CablesRUs4,WV7342,10
CablesRUs5,WV7324,15
CablesRUs5,WV7300,15
CablesRUs5,WV7304,15
CablesRUs5,WV7306,15
CablesRUs5,WV7308,15
CablesRUs5,WV7386,10
CablesRUs5,WV7366,10
CablesRUs5,WV7384,10
CablesRUs5,WV7365,10
CablesRUs5,WV7385,10
CablesRUs5,WV7450,15
CablesRUs5,WV7452,15
CablesRUs5,WV7390,15
CablesRUs5,WV7392,15
CablesRUs5,WV7394,15
CablesRUs5,WV7396,10
CablesRUs5,WA7000,10
CablesRUs5,WA7006,10
CablesRUs5,WA7004,10
CablesRUs5,WA7007,10
LeadsRUs5,WA7008,15
LeadsRUs5,WA7009,15
LeadsRUs5,WA7005,15
LeadsRUs5,WA7500,15
LeadsRUs5,WA7010,15
LeadsRUs5,WA7011,10
LeadsRUs5,WA7504,10
LeadsRUs5,WA7014,10
LeadsRUs5,WA7015,10
LeadsRUs5,WA7017,10
LeadsRUs5,WA7502,15
LeadsRUs5,WA7016,15
LeadsRUs5,WA7018,15
LeadsRUs5,WA7024,15
LeadsRUs5,WA7030,15
LeadsRUs5,WA7040,10
LeadsRUs5,WA7041,10
LeadsRUs5,WA7042,10
LeadsRUs5,WA7043,10
LeadsRUs5,WA7050,10
LeadsRUs5,WA7054,15
LeadsRUs5,WA7070,15
LeadsRUs5,WA7072,15
LeadsRUs5,WA7074,15
LeadsRUs5,WA7056,15
LeadsRUs5,WA7058,10
LeadsRUs5,WA7062,10
LeadsRUs5,WA7064,10
LeadsRUs5,WA7066,10
LeadsRUs5,WA7068,10
LeadsRUs5,WA7090,15
LeadsRUs5,WA7091,15
LeadsRUs5,WA7084,15
LeadsRUs4,WA7088,15
LeadsRUs4,WA7100,15
LeadsRUs4,WA7102,10
LeadsRUs4,WA7108,10
LeadsRUs4,WV7349,10
LeadsRUs4,WV7347,10
LeadsRUs4,WA7020,10
LeadsRUs4,WA7022,15
LeadsRUs4,WV7316,15
LeadsRUs4,WV7318,15
LeadsRUs4,WV7320,15
LeadsRUs4,WV7321,15
LeadsRUs4,WV7345,10
LeadsRUs4,WV7342,10
LeadsRUs4,WV7324,10
LeadsRUs4,BC327,5
LeadsRUs4,BC328,5
LeadsRUs4,BC337,5
LeadsRUs4,BC338,5
LeadsRUs4,BC639,5
LeadsRUs4,BC546,5
LeadsRUs4,BC547,5
LeadsRUs4,BC548,5
LeadsRUs4,BC549,5
LeadsRUs4,BC550,5
